run_id,model,axis,swept_value,status,batch_size,amp,params,resolution,seq_len,num_heads,fwd_macs_per_image,infer_ms_median,infer_img_per_s,infer_peak_mem_mib,train_ms_median,train_img_per_s,train_peak_mem_mib,train_peak_reserved_mib,gpu_name,hostname,slurm_job_id
resnet50__base,resnet50,base,,ok,64,none,25557032,224,,,4089184256.0,19.62712001800537,3260.794244967585,2868.291015625,64.09203338623047,998.5640432770191,5529.435546875,6718.0,NVIDIA A100-SXM4-80GB,sl-mee-br-501,53987
resnet50__resolution=96,resnet50,resolution,96,ok,64,none,25557032,96,,,752746496.0,5.88752007484436,10870.451257304949,2733.541015625,16.964479446411133,3772.5884959906225,1239.18603515625,1492.0,NVIDIA A100-SXM4-80GB,sl-mee-br-501,53987
resnet50__resolution=128,resnet50,resolution,128,ok,64,none,25557032,128,,,1336623104.0,7.941312074661255,8059.121641146433,2757.416015625,24.370240211486816,2626.153843565065,1963.9365234375,2436.0,NVIDIA A100-SXM4-80GB,sl-mee-br-501,53987
resnet50__resolution=160,resnet50,resolution,160,ok,64,none,25557032,160,,,2087321600.0,11.078415870666504,5776.999234110681,2787.291015625,35.39743995666504,1808.040357674209,2947.810546875,3626.0,NVIDIA A100-SXM4-80GB,sl-mee-br-501,53987
resnet50__resolution=192,resnet50,resolution,192,ok,64,none,25557032,192,,,3004841984.0,15.090304374694824,4241.133804253984,2825.416015625,48.74190330505371,1313.038590213696,4114.560546875,4916.0,NVIDIA A100-SXM4-80GB,sl-mee-br-501,53987
resnet50__resolution=288,resnet50,resolution,288,ok,64,none,25557032,288,,,6758334464.0,30.77843189239502,2079.3781900179793,7136.791015625,103.39699172973633,618.9735206928075,8988.248046875,11126.0,NVIDIA A100-SXM4-80GB,sl-mee-br-501,53987
resnet50__resolution=320,resnet50,resolution,320,ok,64,none,25557032,320,,,8343142400.0,36.628801345825195,1747.2589232651605,7323.041015625,122.73305892944336,521.4568964405282,11023.748046875,13382.0,NVIDIA A100-SXM4-80GB,sl-mee-br-501,53987
resnet50__resolution=384,resnet50,resolution,384,ok,64,none,25557032,384,,,12013223936.0,51.63283157348633,1239.5214062376597,7751.041015625,173.32678985595703,369.24470852536473,15774.248046875,19272.0,NVIDIA A100-SXM4-80GB,sl-mee-br-501,53987
resnet50__width_mult=0.25,resnet50,width_mult,0.25,ok,64,none,1993976,224,,,278085632.0,5.246912002563477,12197.650726509537,397.7060546875,22.750128746032715,2813.1708929849747,1398.0810546875,1764.0,NVIDIA A100-SXM4-80GB,sl-mee-br-501,53987
resnet50__width_mult=0.375,resnet50,width_mult,0.375,ok,64,none,4089472,224,,,603181056.0,7.633392095565796,8384.214933381625,573.5107421875,28.853599548339844,2218.0941373632663,2066.30859375,2650.0,NVIDIA A100-SXM4-80GB,sl-mee-br-501,53987
resnet50__width_mult=0.5,resnet50,width_mult,0.5,ok,64,none,6917640,224,,,1052311552.0,9.282256126403809,6894.875462221844,858.72216796875,35.01582336425781,1827.7451120948824,2753.2041015625,3576.0,NVIDIA A100-SXM4-80GB,sl-mee-br-501,53987
resnet50__width_mult=0.75,resnet50,width_mult,0.75,ok,64,none,14771992,224,,,2322677760.0,14.70736026763916,4351.562675786234,1714.8701171875,49.802927017211914,1285.0650319785736,4133.29736328125,5066.0,NVIDIA A100-SXM4-80GB,sl-mee-br-501,53987
resnet50__width_mult=1.25,resnet50,width_mult,1.25,ok,64,none,39272760,224,,,6351831040.0,26.38081645965576,2426.0052791722856,4323.4072265625,84.12032318115234,760.814956240439,6959.65234375,8812.0,NVIDIA A100-SXM4-80GB,sl-mee-br-501,53987
resnet50__width_mult=1.5,resnet50,width_mult,1.5,ok,64,none,55919176,224,,,9110618112.0,32.185232162475586,1988.4896177513647,5794.12548828125,102.92375946044922,621.8194937252894,8405.8857421875,10394.0,NVIDIA A100-SXM4-80GB,sl-mee-br-501,53987
resnet50__width_mult=2.0,resnet50,width_mult,2.0,ok,64,none,98004072,224,,,16116613120.0,46.173423767089844,1386.0787175504206,10485.78759765625,143.83377838134766,444.95806701480296,11345.05419921875,13820.0,NVIDIA A100-SXM4-80GB,sl-mee-br-501,53987
vit_small__base,vit_small,base,,ok,64,none,22050664,224,197,6,4598882304.0,38.16513442993164,1676.9232168564545,334.3046875,121.57612991333008,526.4191255769098,3919.31787109375,4214.0,NVIDIA A100-SXM4-80GB,sl-mee-br-501,53987
vit_small__depth=2,vit_small,depth,2,ok,64,none,4306024,224,197,6,814969344.0,7.0551841259002686,9071.343689677746,266.3017578125,21.514175415039062,2974.782847371508,814.09326171875,1018.0,NVIDIA A100-SXM4-80GB,sl-mee-br-501,53987
vit_small__depth=4,vit_small,depth,4,ok,64,none,7854952,224,197,6,1571751936.0,13.27507209777832,4821.066095054268,280.15234375,41.53643226623535,1540.8160139941801,1435.31005859375,1690.0,NVIDIA A100-SXM4-80GB,sl-mee-br-501,53987
vit_small__depth=6,vit_small,depth,6,ok,64,none,11403880,224,197,6,2328534528.0,19.490992546081543,3283.568030139467,293.6904296875,61.54649543762207,1039.8642448271419,2056.15185546875,2296.0,NVIDIA A100-SXM4-80GB,sl-mee-br-501,53987
vit_small__depth=8,vit_small,depth,8,ok,64,none,14952808,224,197,6,3085317120.0,25.715392112731934,2488.781805054141,307.228515625,81.55305480957031,784.7652077465717,2676.67333984375,2934.0,NVIDIA A100-SXM4-80GB,sl-mee-br-501,53987
vit_small__depth=16,vit_small,depth,16,ok,64,none,29148520,224,197,6,6112447488.0,50.637983322143555,1263.8733970279056,361.380859375,161.73220825195312,395.7158607535869,5159.99365234375,5492.0,NVIDIA A100-SXM4-80GB,sl-mee-br-501,53987
vit_small__depth=20,vit_small,depth,20,ok,64,none,36246376,224,197,6,7626012672.0,63.05415916442871,1015.0004511693636,388.45703125,201.6146240234375,317.43729062312497,6401.51318359375,6776.0,NVIDIA A100-SXM4-80GB,sl-mee-br-501,53987
vit_small__depth=24,vit_small,depth,24,ok,64,none,43344232,224,197,6,9139577856.0,75.5156478881836,847.5064677292464,415.533203125,241.657470703125,264.83766387931655,7643.93896484375,8040.0,NVIDIA A100-SXM4-80GB,sl-mee-br-501,53987
vit_small__embed_dim=128,vit_small,embed_dim,128,ok,64,none,5790312,224,197,2,1223106560.0,13.625936031341553,4696.925029795463,235.3388671875,42.8024959564209,1495.2399052887292,2562.52392578125,2758.0,NVIDIA A100-SXM4-80GB,sl-mee-br-501,53987
vit_small__embed_dim=192,vit_small,embed_dim,192,ok,64,none,9265576,224,197,3,1950855168.0,19.278719902038574,3319.7224880699932,257.82080078125,60.870304107666016,1051.4158083849597,2900.0927734375,3072.0,NVIDIA A100-SXM4-80GB,sl-mee-br-501,53987
vit_small__embed_dim=256,vit_small,embed_dim,256,ok,64,none,13134056,224,197,4,2756067328.0,24.81663990020752,2578.914803025563,282.16552734375,82.48524856567383,775.8963101025746,3232.9482421875,3508.0,NVIDIA A100-SXM4-80GB,sl-mee-br-501,53987
vit_small__embed_dim=512,vit_small,embed_dim,512,ok,64,none,32540136,224,197,8,6751551488.0,53.58913612365723,1194.2719108649121,392.42822265625,169.47779083251953,377.63060095139986,4607.1875,4922.0,NVIDIA A100-SXM4-80GB,sl-mee-br-501,53987
vit_small__embed_dim=640,vit_small,embed_dim,640,ok,64,none,44602472,224,197,10,9214074880.0,71.59595489501953,893.9052505667756,457.8603515625,224.97423553466797,284.4770195480351,5309.27978515625,5840.0,NVIDIA A100-SXM4-80GB,sl-mee-br-501,53987
vit_small__embed_dim=768,vit_small,embed_dim,768,ok,64,none,58237672,224,197,12,11986452480.0,88.83796691894531,720.4127043833953,526.72216796875,279.23915100097656,229.19422212315843,6023.6455078125,6472.0,NVIDIA A100-SXM4-80GB,sl-mee-br-501,53987
vit_small__embed_dim=1024,vit_small,embed_dim,1024,ok,64,none,90226664,224,197,16,18460770304.0,134.90972900390625,474.39128721507484,739.15673828125,420.50608825683594,152.19755857829625,7540.900390625,7968.0,NVIDIA A100-SXM4-80GB,sl-mee-br-501,53987
vit_small__mlp_dim=384,vit_small,mlp_dim,384,ok,64,none,11420008,224,197,6,2507366400.0,23.04702377319336,2776.9312267747214,219.626953125,72.9603042602539,877.1893243716206,2448.18505859375,2820.0,NVIDIA A100-SXM4-80GB,sl-mee-br-501,53987
vit_small__mlp_dim=768,vit_small,mlp_dim,768,ok,64,none,14963560,224,197,6,3204538368.0,27.870287895202637,2296.3523104121373,233.45703125,88.01651000976562,727.1363065054393,2936.68115234375,3314.0,NVIDIA A100-SXM4-80GB,sl-mee-br-501,53987
vit_small__mlp_dim=1152,vit_small,mlp_dim,1152,ok,64,none,18507112,224,197,6,3901710336.0,33.345760345458984,1919.2844708582422,284.193359375,104.0731201171875,614.9522559517317,3440.93896484375,3764.0,NVIDIA A100-SXM4-80GB,sl-mee-br-501,53987
vit_small__mlp_dim=2304,vit_small,mlp_dim,2304,ok,64,none,29137768,224,197,6,5993226240.0,48.564815521240234,1317.8264822607853,434.96484375,150.27318572998047,425.8910176762932,4893.57568359375,5128.0,NVIDIA A100-SXM4-80GB,sl-mee-br-501,53987
vit_small__mlp_dim=3072,vit_small,mlp_dim,3072,ok,64,none,36224872,224,197,6,7387570176.0,58.777008056640625,1088.861140028193,537.3125,184.59537506103516,346.7042442360154,5880.52490234375,6090.0,NVIDIA A100-SXM4-80GB,sl-mee-br-501,53987
vit_small__mlp_dim=4096,vit_small,mlp_dim,4096,ok,64,none,45674344,224,197,6,9246695424.0,73.4227523803711,871.6644081720617,674.109375,226.89469146728516,282.06918190163054,7204.99365234375,7398.0,NVIDIA A100-SXM4-80GB,sl-mee-br-501,53987
vit_small__num_patches=36,vit_small,num_patches,36,ok,64,none,21989224,96,37,6,809263104.0,8.557791709899902,7478.564817832962,138.66796875,26.44108772277832,2420.4753099043514,892.69287109375,1002.0,NVIDIA A100-SXM4-80GB,sl-mee-br-501,53987
vit_small__num_patches=64,vit_small,num_patches,64,ok,64,none,21999976,128,65,6,1438384128.0,13.88756799697876,4608.438281916834,172.833984375,42.25150489807129,1514.7389460895035,1418.16943359375,1620.0,NVIDIA A100-SXM4-80GB,sl-mee-br-501,53987
vit_small__num_patches=100,vit_small,num_patches,100,ok,64,none,22013800,160,101,6,2268487680.0,19.842656135559082,3225.37464555003,217.51171875,62.97715187072754,1016.2415749027846,2100.44677734375,2278.0,NVIDIA A100-SXM4-80GB,sl-mee-br-501,53987
vit_small__num_patches=144,vit_small,num_patches,144,ok,64,none,22030696,192,145,6,3315499008.0,28.75271987915039,2225.876378617268,271.416015625,91.58932876586914,698.7713619302085,2953.18505859375,3180.0,NVIDIA A100-SXM4-80GB,sl-mee-br-501,53987
vit_small__num_patches=256,vit_small,num_patches,256,ok,64,none,22073704,256,257,6,6141640704.0,50.413761138916016,1269.4946489639378,406.673828125,161.5757293701172,396.0990939016399,5041.38818359375,5424.0,NVIDIA A100-SXM4-80GB,sl-mee-br-501,53987
vit_small__num_patches=324,vit_small,num_patches,324,ok,64,none,22099816,288,325,6,7970316288.0,64.22307205200195,996.5266057061032,490.4921875,206.32569885253906,310.18918319884517,6334.31787109375,6536.0,NVIDIA A100-SXM4-80GB,sl-mee-br-501,53987
vit_small__num_patches=400,vit_small,num_patches,400,ok,64,none,22129000,320,401,6,10114990080.0,78.501953125,815.2663399099346,583.791015625,250.57756805419922,255.40993352667937,7785.1376953125,7986.0,NVIDIA A100-SXM4-80GB,sl-mee-br-501,53987
